Firmenname,Branche,Straße,PLZ,Ort,Telefon,E-Mail,Webseite,Anzahl_Bewertungen,Durchschnittliche_Bewertung,Notizen
Bleumortier Elektro GmbH,Elektriker,Ledererstr. 17,80331,München,089 22 31 11,info@elektro-bleumortier.de,https://www.elektro-bleumortier.de,1,5.0,
Friedrich Liebhart GmbH,Elektriker,Hofangerstr. 12,81735,München,089 40 47 33,,,8,3.0,Schlechte Bewertungen - potenzieller Bedarf an Professionalisierung
Göpfert Elektrotechnik GmbH,Elektriker,Allacher Str. 233,80997,München,089 89 22 49 36,,,4,2.0,Sehr schlechte Bewertungen - hoher Bedarf an Verbesserung
Karl Greiner GmbH Elektro,Elektriker,Stolzhofstr. 28,81825,München,,info@elektro-greiner.de,https://www.elektro-greiner.de,,,
Sift Elektroanlagen Meisterbetrieb,Elektriker,Kreuzstr. 2,85551,Kirchheim,089 9 03 95 00,info@sift-elektroanlagen.de,https://www.sift-elektroanlagen.de,,,
TP Networks Dienstleistungs GmbH,Elektriker,Klausenburger Str. 9,81677,München,089 3 57 15 10,,,1,5.0,
Furtmayr Elektroanlagen GmbH,Elektriker,Lochhamer Schlag 5,82166,Gräfelfing,089 70 05 88 00,,,,,
Elektro Dendl GbR,Elektriker,Rößeler Str. 28,81929,München,089 93 17 79,,,,,
Elektro Wagner GmbH & Co. KG,Elektriker,Erfurter Str. 7,85386,Eching,089 3 19 26 84,,,,,
Georg Huber Elektroanlagen GmbH,Elektriker,Hauptstr. 24,82131,Gauting,089 89 33 67 85,,,,,
Naumann Elektro,Elektriker,Ickelsamerstr. 19,81825,München,089 42 57 57,,,,,
Abold GmbH Elektroinstallation & Service,Elektriker,Leonrodstr. 67,80636,München,089 5 00 49 79,,,,,
Elektro-Stöckert-Fernmeldebau GmbH,Elektriker,Abensbergstr. 59-61,80993,München,089 14 40 01,,,,,
Halbritter & Meir Elektroanlagen GmbH,Elektriker,Reichenbachstraße 10,80469,München,089 26 82 03,,,,,
Neon-Haas GmbH,Elektriker,Rößeler Str. 12,81929,München,089 93 14 39,,,1,5.0,
ELFREMA Elektroanlagen GmbH,Elektriker,Lindberghstr. 26,80939,München,089 3 22 87 57,elfrema@elfrema.de,https://elfrema.de,,,
AEK Elektroschnelldienst & Aufzüge,Elektriker,Griegstr. 1A,80807,München,089 5 44 25 50,,,,,
Gerhard Deichsel Elektroanlagen GmbH,Elektriker,Plankenhofstr. 29,81929,München,089 93 19 91,,,,,
Götzberger Elektroanlagen GmbH,Elektriker,Ottostr. 39,85521,Ottobrunn,089 6 09 78 56,,,,,
Tielmann + Meyer Elektroservice GmbH,Elektriker,Limesstr. 101,81243,München,089 8 97 77 00,,,3,5.0,
Köchel GmbH Dach- und Spenglerarbeiten,Klempner,Unterhachinger Str. 73 E,81737,München,089 6 37 16 07,,,,,
HDS München Haus-Dach-Sanierungs GmbH,Klempner,Zeppelinstr. 73,81669,München,,info@hds-muenchen.de,https://www.hds-muenchen.de,24,5.0,
A. & H. Bauer GmbH Spenglerei,Klempner,Mühlenstr. 3,85609,Aschheim,089 9 04 51 09,,,,,
Habermann Georg,Klempner,Eversbuschstr. 139,80999,München,,,,,,
Rauch Johann - Söhne GbR,Klempner,Raffaelstr. 3,85579,Neubiberg,089 60 21 08,,,1,5.0,
Dischner & Partner GmbH,Klempner,Barthstr. 31,80339,München,,,,,,
Voitl GmbH,Klempner,Iltisstr. 11,81827,München,089 4 30 74 10,,,,,
Felix Nistler GmbH,Klempner,Maistrasse 49rgb,80337,München,089 54 46 18-0,,,13,4.7,
Habermann Krystian,Klempner,Herzogstr. 127,80796,München,,,,3,5.0,
LORENZ SPORER GmbH,Klempner,Rothmundstr. 6,80337,München,,,,,,
AKGT Rohrreinigung und Kanalreinigung,Klempner,Adlzreiterstr. 11,80337,München,,,,,,
Sanitärprofis München,Klempner,Franz-Joseph-Straße 11,80801,München,,,,,,
Mio-Tec,Klempner,Brecherspitzstr. 6A,81541,München,,,,,,
GS Goebel Haustechnik GmbH,Klempner,Karl-Theodor-Str. 81,80796,München,,,,,,
Schuhbaum Hans GmbH,Klempner,Weißenseestr. 5,81539,München,,,,,,
Leckmeister,Klempner,Orffstr. 54,80637,München,,,,,,
Scheuerer Thomas,Klempner,Hohenschwangauplatz 12,81549,München,,,,,,
Schmied Willi,Klempner,Schäufeleinstr. 27B,80687,München,,,,,,
Kebert Bernhard,Klempner,Cimbernstr. 10,81377,München,,,,,,
Stanger Fassaden- & Dachdesign,Klempner,Truderinger Str. 219,81825,München,,,,,,
Klempner Notdienst München,Klempner,Barlowstraße 16,81927,München,,,,,,
Adelsberger GmbH,Klempner,Hansjakobstr. 129B,81825,München,,,,,,
Eglseder Installationen GmbH,Klempner,Haslangstr. 44,80689,München,,,,,,
Münchner Gebäudetechnik GmbH,Klempner,Lotte-Branz-Str. 10,80939,München,,,,,,
FABEOS Sanitärfirma,Klempner,Allacher Str. 35,80992,München,,,,,,
Gottinger GmbH & Co. Spenglerei KG,Klempner,Bayerwaldstr. 48,81737,München,,,,,,
Gässl Sanitär GmbH,Heizungsbau,Angerlohstr. 15,80997,München,089 8 12 12 26,info@gaessl-sanitaer.de,https://www.gaessl-sanitaer.de,,,
Sebastian Groschberger Heizungsbau GmbH,Heizungsbau,Waldstr. 12A,85579,Neubiberg,,,,,,
Wilhelm Stör & Söhne Sanitär- und Heizungsbau GmbH,Heizungsbau,Langwieder Hauptstr. 2-4,81249,München,089 8 63 48 02,,,,,
Karl Kempf GmbH Heizung Sanitär,Heizungsbau,Soldhofstr. 5,81245,München,089 15 52 37,,,,,
Memminger GmbH,Heizungsbau,Balanstr. 378,81549,München,089 68 51 21,,,17,4.1,
API Energie- und Versorgungstechnik GmbH,Heizungsbau,Lochhamer Schlag 10,82166,Gräfelfing,089 89 87 82 40,,,,,
Helmut Zach & Co,Heizungsbau,Elritzenstr. 30,81825,München,,,,,,
Krüger Haustechnik GmbH & Co. KG,Heizungsbau,Petersbrunner Str. 8a,82319,Starnberg,08151 9 01 90,info@krueger-haustechnik.de,https://www.krueger-haustechnik.de,16,4.6,
Kustermann Wärmetechnik GmbH,Heizungsbau,Südliche Münchner Str. 24A,82031,Grünwald,089 6 41 17 88,info@kustermann-waermetechnik.de,https://www.kustermann-waermetechnik.de,,,
Liegl Heizungsbau,Heizungsbau,Jahnstr. 16,85521,Ottobrunn,089 60 85 34 14,info@liegl-heizungsbau.de,https://www.liegl-heizungsbau.de,2,3.5,Mittelmäßige Bewertungen - Verbesserungspotenzial
EBauPlan UG,Heizungsbau,Goethestr. 25 a,80336,München,,,,,,
Lex Manfred,Heizungsbau,Torriweg 51,81247,München,,,,2,5.0,
Schieweck T. - Max Funke GmbH,Heizungsbau,Rosenheimer Landstr. 9,85521,Ottobrunn,089 5 89 39 70,,,2,5.0,
Landshammer GmbH,Heizungsbau,Hansastr. 15,80686,München,089 88 14 40,,,,,
Randlshofer Gebäudetechnik GmbH,Heizungsbau,Junkersstr. 4,82178,Puchheim,,,,1,5.0,
Erich Sussmann GmbH,Heizungsbau,Teutonenstr. 9,85551,Kirchheim,,,,2,5.0,
Florian Häusler Heizung - Sanitär GmbH,Heizungsbau,Brodersenstr. 32,81929,München,089 93 35 77,,,12,5.0,
Gebrüder Reschke GmbH,Heizungsbau,Lohfeldstr. 9,82178,Puchheim,089 89 02 73 55,,,,,
Heinrich Preis GmbH,Heizungsbau,Altostr. 81,81249,München,089 8 64 10 83,,,1,5.0,
Schwarz Heizungsbau e.K.,Heizungsbau,Großhaderner Str. 28,81375,München,089 70 29 76,,,,,
Würz GmbH,Heizungsbau,Berger-Kreuz-Str. 71,81735,München,089 6 80 52 91,,,,,
Geßl GmbH,Heizungsbau,,,,,,,6,4.3,
Hans Koop GmbH & Co.KG Malermeisterbetrieb,Maler,Peutestr. 8,20539,Hamburg,040 48 16 11,,,,,
B.C. Lüdeke OHG Malerei,Maler,Segeberger Chaussee 385,22851,Norderstedt,040 52 95 07 47,,,,,
Bernhardt H.-W. Malereibetrieb,Maler,Meiendorfer Mühlenweg 21,22393,Hamburg,040 60 09 96 56,,,,,
EHR Malerbetrieb GmbH,Maler,Querweg 1,19075,Holthusen,03865 29 10 77,,,,,
Gramlich GmbH Malereifachbetrieb,Maler,Beim Strohhause 18,20097,Hamburg,040 41 62 67 41,,,4,4.5,
Hans-Heinrich Harms Malereibetrieb GmbH,Maler,Hoopter Elbdeich 75,21423,Winsen (Luhe),,,,1,5.0,
Harald Süllbrandt Malermeister,Maler,Grasenmoor 26,25355,Heede,04123 21 26,,,1,5.0,
Maler Boenigk Malerfachbetrieb,Maler,Elmshorner Str. 134,25421,Pinneberg,04101 7 16 22,,,1,1.0,Sehr schlechte Bewertung - hoher Professionalisierungsbedarf
Malereibetrieb Stefan Röse,Maler,Katenkoppel 4C,21521,Dassendorf,04104 9 19 97 92,,,1,5.0,
Malereibetrieb Swen Steiger GmbH,Maler,Kurt-Fischer-Str. 23,22926,Ahrensburg,04102 8 95 42 24,,,,,
Malereibetrieb Waschatz GbR,Maler,Lehmstich 10,21423,Winsen (Luhe),,,,,,
Meuthien & Sohn Meisterbetrieb,Maler,Wragekamp 2,22397,Hamburg,040 6 08 40 22,,,,,
Bielenberg A. Malerfachbetrieb,Maler,Kieler Str. 59,24534,Neumünster,04321 99 66 11,,,,,
Denzau Daniel Malermeister,Maler,Kornblumenring 42,21465,Reinbek,040 7 10 61 13,,,1,5.0,
Elbmaler,Maler,Elbchaussee 518,22587,Hamburg,040 82 24 13 00,,,,,
Friedrich Geschke Malerbetrieb,Maler,Winsener Str. 4,21423,Drage,,,,,,
Gebr. Seemann und Maler Matzen GmbH,Maler,Elbgaustr. 248D,22547,Hamburg,040 84 10 94,,,,,
Gericke Bernd Malermeister,Maler,Tannenallee 28,22844,Norderstedt,040 5 22 47 50,,,,,
Konau Andreas Malereibetrieb,Maler,Walddörferstr. 43,22041,Hamburg,040 6 95 71 48,,,,,
Kruse Malerbetrieb,Maler,,,,040 5 20 20 01,,,,,
Malereibetrieb Detlef Kühl,Maler,Königskinderweg 82,22457,Hamburg,040 5 50 87 59,,,,,
Malereibetrieb Matthias Beckmann,Maler,Hofweide 5,21031,Hamburg,040 7 39 95 96,,,,,
Fritz Reuter Dach & Bau GmbH,Dachdecker,Güstower Weg 3,19205,Gadebusch,,,,1,5.0,
Der Dachdecker GmbH,Dachdecker,Sandkamp 1,22111,Hamburg,,,,,,
Günter Fippl Dachtechnik GmbH,Dachdecker,In de Butz 1,22967,Tremsbüttel,,,,,,
Nesit & Partner,Dachdecker,Doormannsweg 42,20259,Hamburg,,,,5,5.0,
Lutz & Partner Gut - Bedacht,Dachdecker,Scharpenmoor 68,22848,Norderstedt,,,,13,5.0,
André Borck Zimmerei- und Dachdeckerarbeiten,Dachdecker,Erikaweg 2,22926,Ahrensburg,,,,,,
Bauer Rainer Zimmerei & Dachdeckerei,Dachdecker,Püttelkower Chaussee 20,19243,Wittenburg,,,,,,
Böhmer Moritz MB Bauunternehm,Dachdecker,Lademannbogen 29,22339,Hamburg,,,,,,
Burmester Michael Dachdeckermeister,Dachdecker,Kolberger Str. 14-16,23909,Ratzeburg,,,,,,
Dachdeckerei Dittmer GmbH,Dachdecker,Stegerwaldring 15,22119,Hamburg,,,,,,
Dachdeckerei Hans-Hermann Suhr,Dachdecker,Meistergang 4,21271,Hanstedt,,,,,,
DACHDECKEREI HÖFT,Dachdecker,Billwerder Billdeich 601H,21033,Hamburg,,,,,,
Dachdeckermeisterbetrieb Vinzing,Dachdecker,Birkenweg 2,19077,Rastow,,,,,,
Eggers Friedhelm Zimmerei,Dachdecker,Großeholz 10,29614,Soltau,,,,,,
Fliegender Dachziegel,Dachdecker,Bülowstr. 1,21337,Lüneburg,,,,,,
Hamburger Dachbau GmbH,Dachdecker,Cuxhavener Str. 480a,21149,Hamburg,,,,2,5.0,
Harald Molkenbuhr GmbH,Dachdecker,Winsbergring 26,22525,Hamburg,,,,,,
Horst Claußen GmbH Bauklempnerei,Dachdecker,Lämmersieth 19,22305,Hamburg,,,,,,
Klaus Karge Dachdeckermeister,Dachdecker,,,,,,,1,5.0,
Meisterbetrieb Alexander Schlethauer,Fliesenleger,Georg-Friedrich-Händel-Weg 6,21423,Winsen (Luhe),,,,,,
Steckmeister GmbH Fliesenlegermeisterbetrieb,Fliesenleger,Albert-Schweitzer-Ring 2A,22045,Hamburg,,,,,,
Engel Fliesenleger,Fliesenleger,Wiesenweg 12,22113,Oststeinbek,,,,,,
Fliesen Sass GmbH & Co.KG,Fliesenleger,Mercatorstr. 17,21502,Geesthacht,,,,,,
Hoffmeister Axel Fliesenlegermeister,Fliesenleger,An der Strusbek 41,22926,Ahrensburg,,,,,,
Holst Fliesenleger GmbH,Fliesenleger,Garstedter Eck 6A,22455,Hamburg,,,,3,2.3,Sehr schlechte Bewertungen - hoher Bedarf an Professionalisierung
Hutschenreuter Fliesenverlegung GmbH,Fliesenleger,Offakamp 9F,22529,Hamburg,,,,2,5.0,
W. & H. Fliesentechnik GmbH,Fliesenleger,Pinneberger Str. 54,22457,Hamburg,,,,,,
Jonas Brinckmann JB Fliesen,Fliesenleger,Volksdorfer Weg 119,22393,Hamburg,,,,,,
Müller - Bau GmbH,Fliesenleger,Haselnußweg 6,22175,Hamburg,,,,,,
Fliesenleger Hero,Fliesenleger,Schürbeker Str. 6a,22087,Hamburg,,,,2,5.0,
K.J Baudienstleistungen,Fliesenleger,Grevenweg 80,20537,Hamburg,,,,1,5.0,
Feuer Marco Fliesenlegermeister,Fliesenleger,Alsterglacis 18,20354,Hamburg,,,,,,
Bajraktari K.,Fliesenleger,Im Gehölz 7,20255,Hamburg,,,,,,
Christoph Dietrich Fliesenverlegung,Fliesenleger,Langenfelder Str. 114,22769,Hamburg,,,,,,
Domaradzki Krystian,Fliesenleger,Julius-Vosseler-Str. 134,22527,Hamburg,,,,,,
Düwel Frank,Fliesenleger,Horner Weg 272,22111,Hamburg,,,,,,
MA Edilizia,Fliesenleger,Lyserstr. 28,22761,Hamburg,,,,,,
Rasch Gebäudetechnik GbR,Klempner,Berliner Str. 101,51063,Köln,,,,,,
Achim Hambücken Heizung u. Sanitär,Klempner,Dieselstr. 14a,50859,Köln,,,,,,
Hausanschlussexperten GmbH,Klempner,Albert-Kindle-Straße 26,50859,Köln,,,,,,
Con Dachdeckermeister und Klempner GmbH,Klempner,Schlebuscher Str. 77,51381,Leverkusen,,,,,,
Langel Dach- und Klempnerei GmbH,Klempner,Kapellenbitz 7,51145,Köln,,,,,,
Haustechnik Jörg Jaerling,Klempner,Gleueler Str. 203,50935,Köln,,,,54,4.6,
heinen GmbH,Klempner,Widdersdorfer Str. 189-191,50825,Köln,,,,12,3.5,Mittelmäßige Bewertungen - Verbesserungspotenzial
Baddesign KKM,Klempner,Ehrenfeldgürtel 131,50823,Köln,,,,,,
Heinz Schmalen Versorgungstechnik GmbH,Klempner,Von-Lohe-Str. 1a,51063,Köln,,,,,,
Winter Guido,Klempner,Bergisch Gladbacher Str. 876,51069,Köln,,,,1,5.0,
Hans Olbertz GmbH,Klempner,Buschfeldstr. 88,51067,Köln,,,,,,
TAMBOUR MEISTERBETRIEB,Klempner,Kaspar-Düppes-Str. 19,51067,Köln,,,,,,
Blaum Sanitär Heizung,Klempner,Niehler Str. 6,50670,Köln,,,,3,3.7,Mittelmäßige Bewertungen
Wilming GmbH & Co. KG,Klempner,Thürmchenswall 31,50668,Köln,,,,,,
SK-Haustechnik GmbH,Klempner,Brabanter Str.,50672,Köln,,,,,,
ABU Haustechnik,Klempner,Wiesbadener Str. 4,51065,Köln,,,,,,
Hermann SEMRAU GmbH,Klempner,Kalscheurer Weg 31,50969,Köln,,,,,,
Kuck Meisterbetrieb,Klempner,Krieler Str. 94,50935,Köln,,,,,,
Moritz + Bramer GmbH,Klempner,Ruth-Hallensleben-Str. 3,50739,Köln,,,,1,1.0,Sehr schlechte Bewertung - hoher Professionalisierungsbedarf
Hermann Schütz KG,Klempner,Clevischer Ring 95-97,51063,Köln,,,,,,
August Kleine & Söhne,Klempner,Widdersdorfer Str. 373,50933,Köln,,,,,,
TREDE,Klempner,Theodor-Heuss-Ring 61,53840,Troisdorf,,,,,,
Meisterbetrieb Gürsch GmbH,Klempner,Xantener Str. 76,50733,Köln,,,,,,
Bäßgen Thomas,Maler,Reisertstr. 12a,53773,Hennef,,,,,,
Norbert Wagner GmbH,Maler,Dürener Str. 71-73,50931,Köln,,,,,,
Dacho Malerfachbetrieb,Maler,Wupperweg 7,51061,Köln,,,,2,5.0,
4 Wände Malermeisterbetrieb Schneider,Maler,Kölner Str. 379a,51515,Kürten,,,,,,
Heyermann Malerwerkstatt Köln,Maler,Heerstr. 22,51143,Köln,,,,1,4.0,
HM Stüsser Malerbetrieb GmbH,Maler,Handstr. 79,51469,Bergisch Gladbach,,,,,,
Nolden Bernd Kölner Malerteam,Maler,Vorgebirgstr. 176,50969,Köln,,,,2,5.0,
Malermeister Rolf Strang,Maler,Giershausener Weg 21,50767,Köln,,,,65,5.0,
Malerservice Meixner GmbH,Maler,Gladbacher Str. 27,50672,Köln,,,,,,
Plewa Maler & Lackierer GmbH,Maler,Servatiusstr. 80,51109,Köln,,,,3,4.0,
Ahl Malerwerkstätte GmbH,Maler,Ursulagartenstr. 30,50668,Köln,,,,,,
Andreas Quirder GmbH,Maler,Goltsteinstr. 89-91,50968,Köln,,,,1,5.0,
Denecke Brausem GmbH,Maler,Humboldtstr. 13,53819,Neunkirchen-Seelscheid,,,,,,
Frank Schoepe Malermeister,Maler,Rodenkirchener Str. 88,50997,Köln,,,,,,
Franz Werner GmbH & Co. KG,Maler,Wilhelm-Mauser-Str. 49n,50827,Köln,,,,,,
Fritz Bredel GmbH,Maler,Kempener Str. 64,50733,Köln,,,,,,
Johnen Malerbetrieb,Maler,Stangenroder Weg 25,50767,Köln,,,,,,
Lorbach Ralf,Maler,Freiheitsring 104,50226,Frechen,,,,4,5.0,
Maler Meisterfachbetrieb Tuchscherer,Maler,Otto-Hahn-Str. 29,50259,Pulheim,,,,11,5.0,
Malerbetrieb F. Bondke GmbH,Maler,Lockenfeld 14,51647,Gummersbach,,,,,,
Malermeister Mike Matz,Maler,Bahnstr. 33,53757,Sankt Augustin,,,,,,
Malermeister Neumann Andreas,Maler,Solothurner Weg 4,51063,Köln,,,,9,4.8,
Biegner S. Dipl.-Ing.,Elektriker,Heusenstammer Weg 32,63071,Offenbach am Main,,,,,,
Elektro Funk-Wandinger GmbH,Elektriker,Nehringstr. 12,61352,Bad Homburg,,,,3,5.0,
Elektroanlagen Ellersdorfer,Elektriker,Im Vogelsgesang 2,60488,Frankfurt am Main,,,,,,
Hans Fuchs GmbH,Elektriker,Darmstädter Str. 41,63303,Dreieich,,,,4,3.0,Schlechte Bewertungen - Verbesserungspotenzial
Boss Volker Elektrotechnik,Elektriker,Darmstädter Landstr. 85A,60598,Frankfurt am Main,,,,2,5.0,
Bergmann und Reuter GbR,Elektriker,Obermainstr. 9,60314,Frankfurt am Main,,,,,,
AS Elektro GmbH,Elektriker,Gotenstr. 88,65929,Frankfurt am Main,,,,2,5.0,
Elektro Stier GmbH,Elektriker,Berger Str. 276,60385,Frankfurt am Main,,,,1,2.0,Sehr schlechte Bewertung - hoher Professionalisierungsbedarf
Elektroanlagen Grün,Elektriker,Oberfeldstr. 120,60439,Frankfurt am Main,,,,,,
Watt ihr Volt GmbH E-Technik,Elektriker,Rödelheimer Landstr. 74,60487,Frankfurt am Main,,,,,,
Elektro Schneider,Elektriker,Hamburger Allee 42,60486,Frankfurt am Main,,,,,,
Hinkel + Sohn GmbH,Elektriker,Berner Str. 28,60437,Frankfurt am Main,,,,,,
Märker Elektrotechnik,Elektriker,Max-Planck-Str. 10,63128,Dietzenbach,,,,,,
N.B. Elektro,Elektriker,Goldsteinstr. 26,60528,Frankfurt am Main,,,,1,4.0,
Wagner Elektrotechnik GmbH & Co. KG,Elektriker,Höferweg 26,61184,Karben,,,,,,
E2M-Elektroservice GmbH,Elektriker,Ludwig-Landmann-Str. 15,60488,Frankfurt am Main,,,,,,
Elektro Henne GmbH & Co. KG,Elektriker,Krafftstr. 10,63065,Offenbach am Main,,,,2,5.0,
Pregler Magnus Elektro-Anlagenbau,Elektriker,Frankfurter Str. 61,63067,Offenbach am Main,,,,,,
Elsner Elektroanlagen,Elektriker,Senefelderstr. 180,63069,Offenbach am Main,,,,,,
Elektro Liebeskind GmbH,Elektriker,Odenwaldring 15,63069,Offenbach am Main,,,,2,3.0,Schlechte Bewertungen - Verbesserungspotenzial
Metzen Sanitär GmbH,Heizungsbau,Eschersheimer Landstr. 524,60433,Frankfurt am Main,,,,,,
Bilandzija Ivo,Heizungsbau,Pfortengartenweg 42,65931,Frankfurt am Main,,,,,,
Gondolf A. Heizung + Sanitär,Heizungsbau,Am Wiesenhof 24,60529,Frankfurt am Main,,,,3,3.7,Mittelmäßige Bewertungen
KEB Klima-Elektroberatung GmbH,Heizungsbau,Weinstr. 20,60435,Frankfurt am Main,,,,2,4.0,
Heizung und Sanitär Haefner A. Rudolf GmbH,Heizungsbau,Heddernheimer Landstr. 146,60439,Frankfurt am Main,,,,,,
M.F. Fischer GmbH Sanitär- und Heizungstechnik,Heizungsbau,Bolongarostr. 176,65929,Frankfurt am Main,,,,6,1.7,Sehr schlechte Bewertungen - hoher Bedarf an Professionalisierung
A&R Haustechnik GmbH,Heizungsbau,Am Breul 10,61184,Karben,,,,,,
Cuatro-San Gas- u. Wasserinstallation GmbH,Heizungsbau,Gerningstr. 24,60439,Frankfurt am Main,,,,,,
Mainfeuer,Heizungsbau,Triebstr. 2a-b,60388,Frankfurt am Main,,,,,,
Matulis Ewald Heizung & Sanitär,Heizungsbau,Mörfelder Landstr. 70,60598,Frankfurt am Main,,,,,,
Möller Feuerungstechnik GmbH,Heizungsbau,Eckenheimer Landstr. 485,60435,Frankfurt am Main,,,,,,
Arendt Haustechnik,Heizungsbau,Amselstr. 6,63454,Hanau,,,,3,5.0,
Haupt Rainer Meisterbetrieb,Heizungsbau,Sossenheimer Weg 39,65843,Sulzbach (Taunus),,,,,,
Karl Lotz GmbH & Co. KG,Heizungsbau,Berger Str. 448a,60385,Frankfurt am Main,,,,,,
Robin Seßner,Heizungsbau,August-Bebel-Str. 4,63477,Maintal,,,,,,
Safak GmbH,Heizungsbau,Waldstr. 69,65187,Wiesbaden,,,,,,
Schellenberg Sanitär-Heizung GmbH,Heizungsbau,Steinbacher Str. 22,61476,Kronberg im Taunus,,,,,,
Walz-Wärme GmbH,Heizungsbau,Peterstr. 1,63263,Neu-Isenburg,,,,,,
Nitsch Klimatechnik,Heizungsbau,Leiderer Str. 11,63811,Stockstadt,,,,,,
Löw Haustechnik GmbH,Heizungsbau,Rumpenheimer Str. 127-129,63075,Offenbach am Main,,,,,,
Kauer Bad Sanitär Heizung e.K.,Heizungsbau,Mörfelder Landstr. 78,60598,Frankfurt am Main,,,,16,4.2,
Maier Dach GmbH,Dachdecker,Im Elsental 2,70569,Stuttgart,,,,,,
Rehm Bedachungen GmbH,Dachdecker,Aprikosenstr. 8,70329,Stuttgart,,,,1,5.0,
Beck Dachdecker- und Flaschner- Meisterbetrieb GmbH,Dachdecker,Handwerkstr. 62,70565,Stuttgart,,,,,,
Klein u. Renn Bedachungen GmbH,Dachdecker,Bruckwiesenweg 36,70327,Stuttgart,,,,1,5.0,
Ludwig Bedachung Dachdeckermeisterbetrieb GmbH,Dachdecker,Vordere Str. 20/1,70734,Fellbach,,,,9,5.0,
Mc Cafferty GmbH,Dachdecker,Feuerbacher-Tal-Str. 5,70469,Stuttgart,,,,,,
Bedachungen Kussmaul,Dachdecker,Taläckerstr. 2,70437,Stuttgart,,,,,,
Haag Holzbau,Dachdecker,Kreuzwegäcker 26,71711,Steinheim,,,,,,
Herrmann GmbH,Dachdecker,Ludwigsburger Str. 23,71711,Steinheim,,,,,,
KHS Bedachungen GmbH,Dachdecker,Maybachstr. 7,71563,Affalterbach,,,,,,
Kreativ Bedachungen GmbH,Dachdecker,Büttelackerweg 7,71336,Waiblingen,,,,81,4.8,
Scholtz GmbH - Dachdeckermeister,Dachdecker,Friedrich-List-Str. 29,73760,Ostfildern,,,,,,
Töpfer Bedachungen GmbH,Dachdecker,Affalterbacher Str. 25,71672,Marbach,,,,,,
Axel Scholtz GmbH,Dachdecker,Nielsenstr. 24,73760,Ostfildern,,,,,,
Bedachungen Walther GmbH,Dachdecker,Enzstr. 30,70806,Kornwestheim,,,,,,
holzsymbiose riempp gmbh & co. kg,Dachdecker,Max-Eyth-Str. 6,72644,Oberboihingen,,,,,,
ANDREAS HUSCHKA - BEDACHUNGEN,Dachdecker,Schillerstr. 171,71336,Waiblingen,,,,,,
Fessmann Holzbau Bedachungen,Dachdecker,Mayenner Str. 40,71332,Waiblingen,,,,1,5.0,
Frank Auch - Flaschnerei,Dachdecker,Sielminger Str. 61,70771,Leinfelden-Echterdingen,,,,,,
Riba Bedachungen GmbH,Dachdecker,Süßener Str. 36,70327,Stuttgart,,,,1,5.0,
Dachdecker Deeg,Dachdecker,Welzheimer Str. 8a,70188,Stuttgart,,,,,,
Bodtländer GmbH Dachdecker.Flaschner,Dachdecker,Rosenstr. 83,73733,Esslingen,,,,,,
Dachdecker-Innung Stuttgart + Region,Dachdecker,Gutenbergstr. 76,70176,Stuttgart,,,,,,
Wand Technik GmbH,Dachdecker,Spittastr. 6,70193,Stuttgart,,,,,,
Bedachungen WKS,Dachdecker,Landhausstr. 243,70188,Stuttgart,,,,,,
Burger Ellen,Dachdecker,Schurwaldstr. 74,70186,Stuttgart,,,,,,
Topic Bedachungen,Dachdecker,Kräherstr. 15,70469,Stuttgart,,,,,,
Tepel GmbH Dachdecker,Dachdecker,Zuffenhauser Str. 64,70825,Korntal-Münchingen,,,,1,5.0,
Hertneck & Sohn GmbH,Elektriker,Straßburger Str. 7,70435,Stuttgart,,,,1,5.0,
Elektro Wölfle GmbH,Elektriker,Katzensteigstr. 26,70374,Stuttgart,,,,,,
Elektro-Harak GmbH,Elektriker,Johannesstr. 64,70176,Stuttgart,,,,,,
Elektro Wolfrum + Elektro König e.K.,Elektriker,Ortsstr. 46 /1,73061,Ebersbach,,,,,,
Dunz Elektrotechnik GmbH,Elektriker,Aldinger Str. 88,70806,Kornwestheim,,,,2,3.0,Schlechte Bewertungen - Verbesserungspotenzial
Ehrsam Elektrotechnik,Elektriker,Ludwigsburger Str. 23,71711,Steinheim,,,,,,
Elektro Renz GmbH & Co. KG,Elektriker,Gottlieb-Daimler-Str. 24,71334,Waiblingen,,,,,,
KEE Klima- & Elektrotechnik Erdmann GmbH,Elektriker,Mörikestr. 2,71679,Asperg,,,,,,
SE-Gebäudeautomation Elektro- u. Installationstechnik GmbH,Elektriker,Grundackerweg 42,73614,Schorndorf,,,,,,
Berner Elektrotechnik GmbH,Elektriker,Hafenbahnstr. 16,70329,Stuttgart,,,,,,
Elektro F. Welz GmbH,Elektriker,Rotweg 171,70437,Stuttgart,,,,,,
Elektro Heldele - Technische Anlagen GmbH,Elektriker,Heilbronner Str. 3,73037,Göppingen,,,,,,
Elektro Kaya GmbH,Elektriker,Großbottwarer Str. 1,74395,Mundelsheim,,,,,,
Elektro Keyerleber GmbH,Elektriker,Wagenburgstr. 125,70186,Stuttgart,,,,,,
Elektro Bannert,Elektriker,Weberstr. 42,71706,Markgröningen,,,,,,
Elektro Schairer GmbH,Elektriker,Austr. 24A,70376,Stuttgart,,,,,,
Elektro Stindl Elektroinstallationen,Elektriker,Nauheimer Str. 7,70372,Stuttgart,,,,,,
Metzger Elektrotechnik GmbH,Elektriker,Danziger Str. 2,71691,Freiberg,,,,,,
Alois Gerigk Elektrotechnik,Elektriker,Bludenzer Str. 21,70469,Stuttgart,,,,,,
E. & R. Sauereisen GmbH - Elektroinstallationen,Elektriker,Heumadener Str. 17- 20,70329,Stuttgart,,,,,,
Elektro Hutter Inh. Tobias Fischer e. K.,Elektriker,Bruckstr. 64,70734,Fellbach,,,,,,
Stindl Peter Elektroinstallationen,Elektriker,Teckstr. 33,70806,Kornwestheim,,,,1,5.0,
Welz F. Elektro,Elektriker,Rotweg 171,70437,Stuttgart,,,,,,
Elektro Henze GmbH,Elektriker,Hanns-Klemm-Str. 7,71034,Böblingen,,,,,,
Elektro Schilling GmbH Elektroinstallation,Elektriker,Zahn-Nopper-Str. 1,70435,Stuttgart,,,,,,
Bergmann Elektrotechnik GmbH,Elektriker,,,,,,,18,4.8,
Maier Dach GmbH,Klempner,Im Elsental 2,70569,Stuttgart,,,,,,
Imbery GmbH + Co. KG,Klempner,Ruhrstr. 5,71679,Asperg,,,,1,1.0,Sehr schlechte Bewertung - hoher Professionalisierungsbedarf
Stilz Andreas,Klempner,Gebersheimer Str. 16,71254,Ditzingen,,,,2,3.0,Schlechte Bewertungen - Verbesserungspotenzial
Betzler GmbH,Klempner,Rotenwaldstr. 156,70197,Stuttgart,,,,,,
Soller Emil,Klempner,Pfarrstr. 5A,70182,Stuttgart,,,,,,
Bodtländer GmbH Dachdecker.Flaschner,Klempner,Rosenstr. 83,73733,Esslingen,,,,,,
Uwe Kansy,Klempner,Gottliebstr. 7,70186,Stuttgart,,,,18,4.6,
FMS Haustechnik GmbH,Klempner,Büchsenstr. 35,70174,Stuttgart,,,,5,3.4,Mittelmäßige Bewertungen - Verbesserungspotenzial
Reichel GmbH Flaschnerei,Klempner,Rosenbergstr. 57A,70176,Stuttgart,,,,2,5.0,
Nick Sanitär GmbH,Klempner,Möhringer Str. 83,70199,Stuttgart,,,,2,5.0,
Hössle Sanitär- und Heizungstechnik,Klempner,Olgastr. 5,70182,Stuttgart,,,,,,
Fluhr J. GmbH Sanitär- und Heizungsbau,Klempner,Blumenstr. 27A,70182,Stuttgart,,,,,,
Winter Karl & Sohn,Klempner,Schlosserstr. 21,70180,Stuttgart,,,,,,
Wörn Sanitärbetrieb,Klempner,Schloßstr. 55,70176,Stuttgart,,,,,,
Wilhelm Stephan,Klempner,Heusteigstr. 74/1,70180,Stuttgart,,,,,,
Albrecht Sanitär Gasheizung Jürgen Albrecht,Klempner,Cottastr. 16,70180,Stuttgart,,,,,,
Lüllich GmbH,Klempner,Breitscheidstr. 91,70176,Stuttgart,,,,,,
Rühle Alfred Dipl.-Ing. GmbH & Co. KG,Klempner,Tübinger Str. 101,70178,Stuttgart,,,,,,
Ulrich Sanitär,Klempner,Gomaringer Str. 7,70597,Stuttgart,,,,1,4.0,
Frank Götze,Klempner,Schwarenbergstr. 85,70188,Stuttgart,,,,,,
Schmidt-Homrighausen R.,Klempner,Dillmannstr. 20,70193,Stuttgart,,,,,,
Keßler Dietmar Sanitär,Klempner,Libanonstr. 138,70186,Stuttgart,,,,,,
Nuffer W. Flaschnerei,Klempner,Kuckucksruf 53,70569,Stuttgart,,,,2,4.5,
Thobi Haus u. Sanitär-Service,Klempner,Forststr. 166,70193,Stuttgart,,,,,,
Wiedmann Heinrich Sanitäre Anlagen,Klempner,Pfahlbronner Str. 42,70188,Stuttgart,,,,,,
Noller Gerhard Sanitäre Anlagen,Klempner,Welzheimer Str. 18,70188,Stuttgart,,,,,,
Schreinerei Merkl GmbH,Tischler,Stahlgruberring 15,81829,München,,,,,,
Bachhuber Schreiner,Tischler,Lerchenauer Str. 316,80995,München,,,,,,
Florian Babl Schreinermeister,Tischler,Ulmenstr. 20,82166,Gräfelfing,,,,,,
Schneider Josef Schreinerei,Tischler,Römerstr. 4,83527,Kirchdorf,,,,,,
Schreinerei Prasch,Tischler,Gewerbestr. 3,85652,Pliening,,,,,,
A&S Team - Stefan Ludwig Matschina,Tischler,St.-Bonifatius-Str. 20,81541,München,,,,,,
Anton Haberl GmbH,Tischler,Oberföhringer Str. 161,81925,München,,,,,,
Schreinerei Molter,Tischler,Römerstr. 3,80801,München,,,,,,
Schreinerei Peter Fuchs,Tischler,Emil-Geis-Str. 1,82031,Grünwald,,,,1,5.0,
ba Möbeldesign - Schreinerei München,Tischler,Baaderstr. 22,80469,München,,,,6,5.0,
Häfele Hubert Schreinermeister,Tischler,Wolfgangstr. 7,81667,München,,,,1,5.0,
Schrankidee Peter Dany GmbH,Tischler,Dreimühlenstr. 19,80469,München,,,,6,4.5,
Emin Fleisch GmbH,Tischler,Zenettistr. 10,80337,München,,,,3,4.0,
Der Tischladen,Tischler,Rumfordstr. 30,80469,München,,,,,,
MANUFAKT - Atelier für Holz u. Metall,Tischler,Welserstr. 31,81373,München,,,,1,5.0,
Schreinerei Manfred Jursch,Tischler,Liebherrstr. 5,80538,München,,,,,,
Herz & Hobel,Tischler,Corneliusstr. 40,80469,München,,,,,,
Arve Einrichtungs GmbH,Tischler,Levelingstr. 8,81673,München,,,,1,5.0,
Cecatka Oliver,Tischler,Gronsdorfer Str. 3-5,85540,Haar,,,,2,5.0,
Neudörffer Matthias,Tischler,Innere Wiener Str. 2,81667,München,,,,,,
Zoller Julia,Tischler,Mariahilfstr. 18,81541,München,,,,,,
THOMAS KANDLER MOEBEL,Tischler,Ringseisstr. 4,80337,München,,,,,,
Schreinerei Hinterholzer,Tischler,Schellingstr. 40,80799,München,,,,,,
Stehning Jörg,Tischler,Rosenbuschstr. 6,80538,München,,,,,,
Eitl Isidor,Tischler,Milbertshofener Platz 14,80809,München,,,,3,5.0,
Birnbaumblau Schreinerei GmbH,Tischler,Wolfgangstr. 17,81667,München,,,,,,
Schreinerei Stefan Weber GmbH,Tischler,Freibadstr. 3,81543,München,,,,,,
Amplatz Heinrich,Tischler,Freibadstr. 3,81543,München,,,,,,
HOLZKOLLEKTIV GmbH,Tischler,Neureutherstr. 20,80799,München,,,,,,
Tischler Team Krause,Tischler,Rudolf-Diesel-Str. 8,22941,Bargteheide,,,,,,
Wedeler Tischlerei UG,Tischler,Tinsdaler Weg 173,22880,Wedel,,,,,,
Diedrichsen Hermann Tischlerei,Tischler,Saseler Str. 57,22145,Hamburg,,,,2,5.0,
Tolksdorf Innenausbau GmbH,Tischler,Bargkoppelweg 69,22145,Hamburg,,,,13,4.9,
Dabelstein - Tischlerei,Tischler,Alte Schulstr. 17,22952,Lütjensee,,,,,,
DIE MÖBELMACHER GmbH & Co. KG,Tischler,Walddörferstr. 332,22047,Hamburg,,,,,,
F. & J. Schmidt Tischlerei,Tischler,Adlerhorst 10,22459,Hamburg,,,,1,5.0,
Fischer - Tischlerei Velux Fachbetrieb,Tischler,Berliner Str. 7,21509,Glinde,,,,,,
Florian Marquardt Tischlerei,Tischler,Reinbeker Redder 80,21031,Hamburg,,,,1,5.0,
Holzwerkstatt Helmeke e.K.,Tischler,Am Kaßberg 1A,21224,Rosengarten,,,,,,
Ihr Holzwurm Christian Nens Tischlerei,Tischler,Ahornstr. 18,25421,Pinneberg,,,,,,
Müller Tischlerei GmbH & Co KG,Tischler,Kirchweg 131,24558,Henstedt-Ulzburg,,,,,,
Asbeck e.K. Tischlerei,Tischler,Osdorfer Landstr. 29A,22607,Hamburg,,,,,,
Burwieck Tischlerei,Tischler,Süderquerweg 218,21037,Hamburg,,,,3,2.3,Sehr schlechte Bewertungen - hoher Bedarf an Professionalisierung
Erwin H. Stender Holz- u. Kunststoffverarbeitung GmbH,Tischler,Brookdeich 44A,21029,Hamburg,,,,,,
Fournell Rainer,Tischler,Helgoländer Str. 5,24768,Rendsburg,,,,,,
Gläser Stefan Tischlerei,Tischler,Im Dorf 14,27336,Rethem (Aller),,,,,,
Holzatelier Charlotte Groenewold GmbH,Tischler,Eifflerstr. 1,22769,Hamburg,,,,3,5.0,
Jens Hillebrand Tischlermeister,Tischler,Henry-Budge-Str. 2,22297,Hamburg,,,,,,
Kurt Kriese Tischlerei,Tischler,Pinneberger Str. 64,22457,Hamburg,,,,,,
MAACK C.H. GmbH & Co. KG,Tischler,Lindenweg 81,25436,Tornesch,,,,,,
